{
  "project_info": {
    "project_number": "644565944917",
    "firebase_url": "https://trainthatapp.firebaseio.com",
    "project_id": "trainthatapp",
    "storage_bucket": "trainthatapp.appspot.com"
  },
  "client": [
    {
      "client_info": {
        "mobilesdk_app_id": "1:644565944917:android:a17c81f05565f8808722dc",
        "android_client_info": {
          "package_name": "com.example.projekt"
        }
      },
      "oauth_client": [
        {
          "client_id": "644565944917-ut772m4ga460rgq3btdd16sp27iuj5q9.apps.googleusercontent.com",
          "client_type": 1,
          "android_info": {
            "package_name": "com.example.projekt",
            "certificate_hash": "14788287db0dfa967a9784489ec41595a52e5a35"
          }
        },
        {
          "client_id": "644565944917-vmi2vsg95r70a954248kciu6ghe8lfom.apps.googleusercontent.com",
          "client_type": 3
        }
      ],
      "api_key": [
        {
          "current_key": "AIzaSyCNs6GXE2CybKwRLTDY8IRDJsN3ILubUrM"
        }
      ],
      "services": {
        "appinvite_service": {
          "other_platform_oauth_client": [
            {
              "client_id": "644565944917-vmi2vsg95r70a954248kciu6ghe8lfom.apps.googleusercontent.com",
              "client_type": 3
            }
          ]
        }
      }
    }
  ],
  "configuration_version": "1"
}